Assignment – 9
 Querying Multiple Tables at Once.


 1) Write a query that lists each order number followed by the name of the customer 
who made the order.
ans=>
select o.Onum,c.Cname from orders o join customers c on o.Cnum=c.Cnum;
+------+----------+
| Onum | Cname    |
+------+----------+
| 3001 | Cisneros |
| 3003 | Hoffman  |
| 3002 | Pereira  |
| 3005 | Liu      |
| 3006 | Cisneros |
| 3009 | Giovanni |
| 3007 | Grass    |
| 3008 | Clemens  |
| 3010 | Grass    |
| 3011 | Clemens  |
+------+----------+
10 rows in set (0.00 sec)
 
2) Write a query that gives the names of both the salesperson and the customer for 
each order along with the order number. 
ans=>
 select s.Sname,c.Cname,o.Onum from orders o  join customers c on o.Cnum=c.Cnum join salespeople s on s.Snum=o.Snum;
+---------+----------+------+
| Sname   | Cname    | Onum |
+---------+----------+------+
| Peel    | Hoffman  | 3003 |
| Axelrod | Giovanni | 3009 |
| Serres  | Liu      | 3005 |
| Serres  | Grass    | 3010 |
| Serres  | Grass    | 3007 |
| Peel    | Clemens  | 3011 |
| Peel    | Clemens  | 3008 |
| Rifkin  | Cisneros | 3006 |
| Rifkin  | Cisneros | 3001 |
| Motika  | Pereira  | 3002 |
+---------+----------+------+
10 rows in set (0.00 sec)

3) Write a query that produces all customers serviced by salespeople with a 
commission above 12%. Output the customer’s name, the salesperson’s name, 
and the salesperson’s rate of commission. 
ans=>
 SELECT c.Cname,s.Sname,s.Comm from customers c JOIN orders o ON o.Cnum=c.Cnum JOIN salespeople s ON s.Snum=o.Snum WHERE s.Comm > 0.12;
+----------+--------+------+
| Cname    | Sname  | Comm |
+----------+--------+------+
| Liu      | Serres | 0.13 |
| Grass    | Serres | 0.13 |
| Grass    | Serres | 0.13 |
| Cisneros | Rifkin | 0.15 |
| Cisneros | Rifkin | 0.15 |
+----------+--------+------+
5 rows in set (0.00 sec)

4) Write a query that calculates the amount of the salesperson’s commission on each 
order by a customer with a rating above 100.
select o.Onum,s.Sname,c.Cname, o.Amt * s.Comm as salespeople_commission from customers c join orders o on o.Cnum=c.Cnum join salespeople s on o.Snum=s.Snum where c.Rating > 100;
+------+---------+----------+------------------------+
| Onum | Sname   | Cname    | salespeople_commission |
+------+---------+----------+------------------------+
| 3010 | Serres  | Grass    |                 170.29 |
| 3007 | Serres  | Grass    |                   9.85 |
| 3005 | Serres  | Liu      |                 670.86 |
| 3006 | Rifkin  | Cisneros |                 164.72 |
| 3001 | Rifkin  | Cisneros |                   2.80 |
| 3009 | Axelrod | Giovanni |                 171.32 |
+------+---------+----------+------------------------+
6 rows in set (0.00 sec)